{
  "project_info": {
    "project_number": "533839987084",
    "firebase_url": "https://admob-app-id-3758755896.firebaseio.com",
    "project_id": "admob-app-id-3758755896",
    "storage_bucket": "admob-app-id-3758755896.appspot.com"
  },
  "client": [
    {
      "client_info": {
        "mobilesdk_app_id": "1:533839987084:android:a739ec0cb2cac9b6",
        "android_client_info": {
          "package_name": "xyz.kynu.lamit"
        }
      },
      "oauth_client": [
        {
          "client_id": "533839987084-esmqsqo8clkei7su5tp82redgcdlpcki.apps.googleusercontent.com",
          "client_type": 3
        }
      ],
      "api_key": [
        {
          "current_key": "AIzaSyBpM87OHINsV4ykQBYE0Q9PcpLLuV4WAik"
        }
      ],
      "services": {
        "analytics_service": {
          "status": 1
        },
        "appinvite_service": {
          "status": 1,
          "other_platform_oauth_client": []
        },
        "ads_service": {
          "status": 2
        }
      }
    }
  ],
  "configuration_version": "1"
}